Date,Alecxtronics,Isaiah PINNs,Justin Mart,Mariz Shop,Maykel Solar,Nar Wind
2023-05-01,101.04889100241274,121.43798441712707,80.81086932671388,89.31539595831833,111.76914563293622,96.63929159583175
2023-05-02,100.82024543352324,119.65810281305991,78.94612008130058,90.41298083204144,108.67531945868771,94.91967986209679
2023-05-03,102.18582339230875,115.47347974619298,80.73835173527164,88.75444476999098,111.5800768470812,95.15250761778039
2023-05-04,105.3990424250925,111.8311385707349,82.45189818969209,89.17287291219301,111.413488736208,96.28503990464283
2023-05-05,104.95907197137993,111.99472155209459,81.70634250809277,87.40287273387911,113.34207058891253,99.89388933125964
2023-05-08,104.52097241984796,112.63428916273615,82.21754182833472,88.0429356554293,110.38938607278557,101.70954767492404
2023-05-09,107.92882699663843,110.67078116042018,82.85392655785833,88.02228124822354,106.2261189189479,103.7773352407835
2023-05-10,109.65298474771565,112.14937722459271,83.20348573591656,85.94117075541273,108.46388504858429,104.03665222625787
2023-05-11,108.68254563036497,108.53810469243382,82.54426257320866,87.48209042096558,109.53317802544363,107.81370035990679
2023-05-12,109.92325146561879,108.44896684536953,81.74137625579104,86.5493886333967,107.1335524784923,108.96740609231405
2023-05-15,108.96361884728418,105.90679201605262,81.73456657835575,85.52950732385347,104.87137855579836,106.68937905299356
2023-05-16,108.00736933721507,104.58735597285026,83.21003380813548,85.8129535831971,107.90708176163947,110.54314114146581
2023-05-17,108.58558944640038,104.73890537830627,83.91647354103517,87.33047883846123,104.78757497157406,112.53378010216638
2023-05-18,104.56125792944356,103.00343844609709,83.476297271608,86.03568931632006,109.22413214753469,111.33874864167743
2023-05-19,101.06609849046282,102.26538618706826,84.47352800285282,86.14116464997036,106.8350985763712,110.05607618916629
2023-05-22,99.98588166824844,104.39660084305822,80.96444177850346,86.72304477354575,108.59727434060727,110.91946617834749
2023-05-23,98.02988393479846,103.2506243249367,82.39638407805515,87.6556641446536,107.75184449693472,112.25623019635825
2023-05-24,98.69727300691652,105.04334986307231,80.298090952048,87.9143332826536,109.43278584805097,112.85641359696099
2023-05-25,96.96953290842755,102.74795841120635,79.88668815743753,87.45789148184843,107.99745724967477,113.7836742543904
2023-05-26,94.31599197395005,103.89440712571516,78.57976190706731,86.404830603786,107.60185207911788,118.77108508769204
2023-05-29,97.17016664071143,106.9869045590206,77.09157200258994,86.54251034218065,107.75507628799309,122.04460157366893
2023-05-30,96.78075966935431,101.87774843198135,78.46921355547687,85.18741035062347,105.13089083474809,122.67670180820527
2023-05-31,96.96002448752398,100.31704739276083,77.94401759311009,81.55954767931382,107.13896839502686,125.64810959782812
2023-06-01,94.28327469180479,101.53231143713401,78.37369938633788,82.12001681310956,105.81543769009345,122.49523377942342
2023-06-02,93.30896178395369,101.17140720012011,78.34205779499675,83.26604304179833,105.25452081917369,123.76941741616848
2023-06-05,93.56296278684916,101.97616370941373,78.92832860142887,80.39056615920519,102.711356525441,129.54819269795166
2023-06-06,91.4794847632408,100.80212060026314,79.04304173233379,79.205906447857,96.3766882226712,128.89547555623008
2023-06-07,92.21554316057768,101.02734157467803,77.55967598737838,79.96893016632193,95.95589462343834,126.24329536133814
2023-06-08,91.15997439278138,100.76364683984735,78.75105347555751,82.50019181450917,101.96239210383399,124.25162439360473
2023-06-09,90.67503294300448,103.19632948321338,78.1934047951129,82.55068959349147,104.02374055198254,120.96096769800829
2023-06-12,89.63518353018799,103.77464802887377,76.41175746525383,81.67863644567153,104.0152619751397,118.65841044299678
2023-06-13,93.06456316999342,104.52996278259425,75.94541438377365,81.47930268767607,103.37522887886884,117.61142267999396
2023-06-14,93.08597564802834,103.72427910939473,77.69774595008298,83.20206602329661,103.47468720495746,113.59585147346074
2023-06-15,91.18307665329131,102.76903500023879,78.7186082969463,82.42449950743797,104.94170364615545,113.68567976072273
2023-06-16,92.74188599168124,101.93475257245024,78.33149768687947,81.46673983302715,101.92983375659382,116.32574179099835
2023-06-19,90.55010483544638,102.79348451278405,77.94558272582123,80.90322472579592,104.85125372423376,113.7610811842155
2023-06-20,90.97462431893987,101.98260720742296,77.59371255136263,79.77847687944245,106.78604438923144,118.21234819631427
2023-06-21,87.52173928829636,102.62666361969465,80.07291201891732,79.94939000352322,108.76416241768376,119.77947818655478
2023-06-22,85.27006802693231,107.02963880483783,80.55713237367719,81.94628620960115,110.00697623373182,122.954809452131
2023-06-23,85.6492711630223,108.9651698331893,81.10278301106189,82.36908426048227,110.10497187613456,120.99763756972058
2023-06-26,86.96711397035055,108.31111904939459,82.39061445139308,82.08250278423179,112.01756971302314,123.65978826151593
2023-06-27,87.30933720216034,111.00021032713633,82.71106298092332,81.74851986074358,113.73271437816945,120.37788111831146
2023-06-28,87.15119177251597,110.15303086750416,82.41502259439814,79.87794976683365,112.77560714898333,123.13631476969167
2023-06-29,86.67126277130744,105.80609198718025,82.19730253115252,80.96739060268418,111.2144169982069,123.71592071631002
2023-06-30,84.18796125952196,103.74607963717835,82.1337048822528,80.89717716037478,111.54258319562888,125.48914438058543
2023-07-03,83.026102718792,99.98603571096365,82.11248973129972,80.70267577603015,115.99324235465475,121.90345643125563
2023-07-04,82.30585715708003,99.33522722369823,83.03851832211842,84.68752830644884,112.50011647246906,119.25363895795675
2023-07-05,84.10657276172822,99.421524178264,83.12818089116563,85.09341380132567,108.49088121106564,121.0959673851755
2023-07-06,84.72892847974649,102.86293537297315,84.07198244565936,84.16446263536456,108.98226323153143,118.30601914355023
2023-07-07,81.83428441940241,103.58949498967324,83.99544885352861,83.65300993322647,109.16465501438621,119.73186775443997
2023-07-10,82.40762426474957,103.18813901265256,84.11981443826592,85.13209379748668,109.68261537748677,115.7550548201454
2023-07-11,81.81628562079347,104.96658128462393,81.66039595035056,85.30244785077015,110.39774527991356,118.28307798107195
2023-07-12,80.75645318435414,100.47604288593357,82.81540126975464,83.50687646765859,109.82735733299002,114.73987785233624
2023-07-13,81.79134247407251,101.00112051624953,83.27191828464122,84.6916840314238,114.04079554581038,116.38167982081536
2023-07-14,83.537145625901,102.62164905137627,84.5532512813692,83.87228742703799,109.61055126897544,118.26358522488091
2023-07-17,85.15022019867558,99.68120961646503,80.98287381069218,86.28836087063338,107.4065551322352,116.2678534726779
2023-07-18,83.7748332063724,102.03871201360444,83.58493650035292,87.7239929462322,107.17251715646903,118.01919433723984
2023-07-19,83.29998716848465,102.7832291323406,83.4351325308996,87.16349546720748,102.90025548459727,118.83765662916831
2023-07-20,83.895641532366,101.98405124322382,84.85909849520613,88.88121885502784,102.48984961921437,117.2944318579176
2023-07-21,85.59137907228069,103.33458049247761,83.57075408570991,88.99842664107132,106.87933840677775,114.41971730840203
2023-07-24,84.81743147725382,108.18967483294408,84.36775138158146,90.17121901653185,106.97794395157402,108.98472947957461
2023-07-25,84.54533522352811,108.63821793480864,83.07003128849125,90.85649545570685,107.63977166399374,109.98555369028404
2023-07-26,82.73652842653617,109.2334868026584,82.32110116634334,89.73724847012927,104.34326462425888,105.80829910516215
2023-07-27,80.82101917905592,108.2886615842051,84.74425347869939,88.90182681975205,102.78886707625047,106.10323792024968
2023-07-28,82.18621493676625,106.51689026618455,84.52756569347748,90.31306223492703,101.86996435801815,105.44888755631388
2023-07-31,84.48824287181094,108.35471928398648,84.829146755919,89.88764250018703,101.10446237743187,107.29745456610915
2023-08-01,84.40884415170444,106.5685677304901,85.96929618891312,89.37184920977121,104.438184258504,106.53289271814788
2023-08-02,86.16317158634513,106.77458512152718,86.6368669007445,88.12699578710456,105.9468586274613,105.70134258279363
2023-08-03,86.83203002451584,105.81230132154624,86.85861861015077,88.7153468509469,103.08472117124025,107.69620666433616
2023-08-04,85.76175558378418,106.88423990380599,87.36162721608765,91.53036433418805,103.76345165749817,108.6455569850573
2023-08-07,86.42708237569455,107.65370290671329,90.59575631480499,90.10338868417678,105.10599834020107,109.55149491217962
2023-08-08,89.17152939441804,109.96591121856649,90.544649185043,90.16317335270642,108.18828349406267,110.8886341389633
2023-08-09,89.15222399520917,108.90436282122903,90.84543772408699,92.12113302706165,112.59379325039579,106.75506502759319
2023-08-10,92.03216760156175,108.37230777815766,92.31617702348628,92.03875639243105,109.81632937503736,108.83759484031508
2023-08-11,87.37797614312215,106.3246680126957,93.88797167574708,92.69321997054456,107.65565992179515,110.56112499563298
2023-08-14,88.87059401216378,105.43677177150866,95.60333796718896,91.25514984233637,104.36541566882421,107.82951954186443
2023-08-15,89.06997111515908,106.28853914607326,96.5526725292568,91.87087273912205,103.79811976492395,107.2164239448398
2023-08-16,88.58318961467607,107.96393495405928,94.9398577741853,91.64082589971034,105.05739458475453,107.15396904150457
2023-08-17,88.79029217526721,106.04398164774332,97.32394836526674,93.03379552803867,107.72591516262621,106.83700374623066
2023-08-18,85.37266293306325,107.95840862880655,95.69345517566931,94.73406123819633,107.56457912391507,107.77555203277078
2023-08-21,85.04091602085742,110.98097662182144,96.15768914362906,98.51581220755861,106.75059385663849,111.7467345738873
2023-08-22,85.69330978634225,111.95841446243892,95.10440625894121,99.40590943171308,107.19924063247468,114.85600121952304
2023-08-23,88.30817080684471,116.29887883042232,95.0414608298546,99.92286193464405,105.02627872529695,111.19369722818183
2023-08-24,87.44125824564043,114.57018849844505,95.53996697884422,100.2447075416444,110.70279197182879,112.98165386621811
2023-08-25,86.08174443842118,111.80927759204972,96.03042041230216,99.74498489845999,106.3842494838463,116.84505996320058
2023-08-28,85.26484369983139,107.95561129700222,96.6691024622738,100.28278402812232,106.91948229297388,118.02765912593064
2023-08-29,86.88368438273741,111.29017977501807,99.06730829787881,99.86936822874117,112.51271131587906,121.33963409810903
2023-08-30,87.50056803752376,112.81263390381496,99.77348986734802,100.15208983492326,112.57686140501863,127.65103709094384
2023-08-31,86.62167570939387,112.74364825934852,99.43857987839587,102.18183190704714,112.08810624895577,131.01253515056214
2023-09-01,87.5592257219167,113.4334152044335,100.91731048365054,100.68086416336374,111.13537906747247,131.88439213648405
2023-09-04,87.77326722619041,110.96404541360619,102.76486667739911,102.44785443565242,110.6795730463087,135.42973345661179
2023-09-05,89.53502420093174,116.58507607629814,100.92013016347579,104.52336740354684,114.58999642356864,135.97555533080094
2023-09-06,88.33079655910352,116.94522898750665,101.85909275048616,104.3697236482175,108.46895049191191,136.11126897363982
2023-09-07,87.79772382625978,117.25998841888818,102.96694410731502,101.13050450046546,112.75302462629912,134.9746994718934
2023-09-08,87.15545931202426,119.0339712724525,102.53913731588172,100.24272317091328,108.85327507201579,140.41083816591035
2023-09-11,84.68369784319792,120.24473327338639,104.70848496963781,102.24269961101812,108.17329959147786,137.62216107805006
2023-09-12,85.2293211250218,120.84476528057111,104.50441523522579,102.23830112915086,107.06150221886462,143.05385389022476
2023-09-13,85.71832454432759,119.00878349393726,104.73286530371068,100.7474449802627,108.69190150432034,144.91071049986368
2023-09-14,85.76996559466453,120.19635154095403,104.49266640554625,100.01750460200819,104.47671037845292,139.9849768613404
2023-09-15,85.41119243799015,124.86924606296803,104.54844753226683,101.31703055224321,105.73315305116579,141.3340646615949
2023-09-18,83.06884620790534,128.3390460438568,102.87415554559084,102.18199832389661,111.26627879719918,134.159001965555
2023-09-19,82.41412399256664,132.56051946002754,100.70603084697902,101.84698492302405,107.58130491552635,136.32794982684337
2023-09-20,81.89210102061847,131.27770675255522,103.1746582319373,101.318515451163,108.135983401404,139.43438969361642
2023-09-21,80.6288877564664,128.7693580277384,101.90274141907317,100.7550980671698,106.40366121587665,137.43969883078492
2023-09-22,80.40941569443443,128.51005411998455,100.42869343958868,99.40045070841073,107.58563836702348,137.92002102442885
2023-09-25,81.1023791820828,128.71770095454622,97.26576778417139,101.86896018583865,107.68021481459874,144.88319922090193
2023-09-26,84.26242323152526,131.63138417982046,96.36689017827578,101.40804996753226,106.0094973885189,143.1201128346246
2023-09-27,84.59943358461422,127.31396225449348,94.50155910578803,103.30748724178031,107.3533247776313,139.43681197840897
2023-09-28,85.07885898742242,131.33445823883923,96.88711716258558,105.72375366592472,112.35170765864777,144.75651484094288
2023-09-29,84.99476453364913,130.98555211127143,98.39537654074113,107.35104494833415,111.86151166199413,152.09689772019414
2023-10-02,81.83575383539161,129.9369595747843,97.41415819232535,106.69026890344342,113.93812657723521,152.17180742580723
2023-10-03,81.83327609012979,127.39688840125066,100.7919104034005,107.37054667871435,110.35734901186139,156.13121420716598
2023-10-04,81.97288839421046,123.31106980126242,102.31789463587056,107.36378962306354,107.79301046254538,161.52075822598775
2023-10-05,86.15546574744086,125.42068882293081,101.85111703191049,105.95001676686002,109.11724816086867,158.61368036268948
2023-10-06,85.86756660964113,125.66755359918602,98.13273728551991,106.49870571796676,113.28716474228868,156.76359662997206
2023-10-09,86.43019838228363,122.52814253491375,101.59406955308286,104.6631643781761,114.34454440866223,161.7271699615475
2023-10-10,86.41341220892556,119.45493211653496,99.52825521864278,106.57643488227235,113.4985156633518,168.75300489999856
2023-10-11,84.45926413733804,118.71473960158632,97.131001151284,105.86801393315527,113.54191275330342,171.21295933846994
2023-10-12,86.45515093700851,122.80575748332589,98.66192935156784,106.21980312529817,110.09150138287355,167.55519159915082
2023-10-13,87.80903975739878,122.2309236761532,102.37017774907324,106.70413164230801,111.81265348023757,176.15941055092324
2023-10-16,89.25389782314646,118.67031826039155,104.54938354079546,106.32243375575331,114.35218868160719,173.90602279389043
2023-10-17,87.68907714717807,118.14756006855464,105.46911553857231,107.2944272385162,113.112262858223,172.52404359080933
2023-10-18,90.2292117461327,117.56364904147966,106.44617746335473,106.56479002006101,111.83557905028005,174.07653446522315
2023-10-19,87.77846600536536,111.44622059401009,107.8499290368394,107.99907007096434,112.62646281468169,181.04562408562148
2023-10-20,88.85922274762798,111.38094367553921,109.11743021131409,105.87222277183126,111.44806646814959,185.02639039482918
2023-10-23,92.88502732773719,110.92314344525427,109.61152400978422,106.10494113928593,111.30847438869523,187.03020038436145
2023-10-24,91.10855763309834,112.53470774961606,109.81592243380715,109.26898013603699,117.35440280525519,189.28471620077286
2023-10-25,90.12754033095423,116.83244440869959,109.74578378743105,107.67393933101845,116.67855932057924,189.56655624809122
2023-10-26,90.35251106220713,119.55447316402929,108.5441677157547,106.61683282391257,115.6842264972166,192.3071187765906
2023-10-27,89.49200540242629,118.97273343666218,108.12057501695375,107.47411452185881,113.87208405525531,180.59458715657962
2023-10-30,86.80255246885889,116.42692440815622,105.4411194359341,107.79634474514181,116.05689534800554,179.33211586423315
2023-10-31,86.96513463872674,122.63727489580876,105.31728893726475,108.39730224364467,115.57849894682083,180.48948676049187
2023-11-01,85.17953562407456,122.84401534536985,103.79821006352944,109.22838971495979,113.76280440699054,175.44001311980298
2023-11-02,86.03318220172486,122.93969719946743,102.12472768970744,110.30638703646397,117.63048387738012,177.21350734843693
2023-11-03,84.50786244380743,122.94184844880436,102.43139926014634,112.19151072679881,121.92892507702203,176.38048025737953
2023-11-06,87.2121158770376,123.49160301246464,104.62403792402128,112.9171775686214,120.1604225399745,184.36737563859904
2023-11-07,85.89951638180575,123.19715443523772,106.10700673244676,112.5430419167441,114.72801104561455,191.8388826545015
2023-11-08,85.39068062222263,121.852672627172,103.66769813674024,113.7183012661124,117.70153407450233,189.6937116880648
2023-11-09,86.83478697530728,120.5874884545934,102.17082335884014,117.04079834647234,115.75041778174587,189.05534159752304
2023-11-10,84.76561920254603,120.56879095664526,103.65392635949956,116.84322414093081,118.10829316464594,188.7816574667312
2023-11-13,85.19470000166561,119.32513257429304,102.16819320068288,115.18218959104424,112.47706642254978,186.7367010399086
2023-11-14,87.4950377592698,117.69482649331837,101.85506902536774,117.14603772017928,115.06121375869084,187.724456997632
2023-11-15,84.76921241586717,118.00460661655279,102.72974371045579,116.96978161514349,111.67411942699144,184.27296831347297
2023-11-16,85.12536845946825,117.46308552493339,101.27874081571758,113.25315032943566,113.77855792970412,179.20901359310787
2023-11-17,85.61176786841612,121.11057584517687,101.46938812917739,114.73635217945032,113.86470117340902,182.09355235531717
2023-11-20,87.00444473283277,114.9140643021556,99.48896920750906,113.85286806709915,111.22580633552913,185.05606228464168
2023-11-21,84.92089635062545,117.50897564335067,98.62514615816465,113.7324755186737,110.14377066308496,181.44470008566924
2023-11-22,82.7489280217629,120.53454869162748,99.12909495623737,114.33453738958555,112.09474821307059,185.6261695837836
2023-11-23,83.65907347496126,115.69629582232433,96.81753108479725,114.69611868740702,112.43686242188743,182.79135524070642
2023-11-24,84.19955064956025,114.96352066599847,97.48857632111806,115.95798903296462,114.13730639474294,184.02553001157438
2023-11-27,84.66475857133153,114.16971268388926,97.48910597956157,115.2375518934327,119.96657715851597,187.91375326937563
2023-11-28,85.29607213033127,111.0561373352101,98.32988384700667,116.16275329621226,115.41186210724605,187.83103040428043
2023-11-29,84.18593893619989,109.39656396264117,98.69030350789286,115.74610626841032,120.22168991779012,190.05458246729182
2023-11-30,84.62019800655244,107.04699723929008,100.7607410432142,117.07107283117196,120.58396953076402,187.69167050152944
2023-12-01,85.16022096320847,110.92046061694118,100.98047421369233,118.19215387873949,117.95188081807707,186.84677601212965
2023-12-04,83.99417123233287,113.07224393597406,100.36224496988366,116.58028090872803,114.13921767199682,185.96201186952933
2023-12-05,87.23127253118162,116.04267869174309,100.57669320720024,118.53044814437986,113.64628949127572,182.59634598577338
2023-12-06,88.10590483990133,117.78859907379818,101.43011339991773,117.61662826256789,116.34177018731125,181.8638995847096
2023-12-07,86.07452450725516,115.21620987153909,101.53493479679202,119.08663926257404,116.01777660908041,175.02750716655905
2023-12-08,87.25584560830106,114.07088389626601,101.62725934742576,119.78046380084513,120.53284630752043,172.96068281471963
2023-12-11,85.6141800150237,115.25044406782057,100.59292473282875,123.16603880974127,116.28486424640944,171.80195935880118
2023-12-12,87.01605273979945,112.52382519962099,99.62751791731564,122.79071036414133,116.29623470650073,170.77346643666974
2023-12-13,89.10046269642115,114.19699088746883,97.58261296165227,122.1856503676807,112.75652489722464,169.81345048089162
2023-12-14,87.69377191795381,113.70625806766864,100.20749465525836,122.18671410979226,113.8317685815951,169.6192771622357
2023-12-15,89.44450737759092,112.91349823987285,98.38467344770073,121.66880274621514,116.43041856227701,171.73325283197977
2023-12-18,90.23108783882013,114.58778639348091,97.39661498668877,123.17446316480492,115.25819483059934,175.59941402664688
2023-12-19,91.77273282191132,115.66828573128765,96.3816034024618,120.26012331101474,108.03653292558752,172.83911894730647
2023-12-20,95.36876224690107,114.8936784547874,97.71344971526439,118.4098432668245,108.61865190569907,167.7846299099064
2023-12-21,94.94932448023285,117.64760542746492,97.31128537402361,116.56333937331854,109.85503194682592,163.53549831625094
2023-12-22,93.57550022301464,115.18879697552744,99.17947611673856,118.27228008860571,111.0154048473342,161.62034069857864
2023-12-25,91.97145993967642,116.67487344964212,98.21203261128426,121.38273167923747,114.54451547585866,160.2687311273307
2023-12-26,90.52826344193356,118.12616312836701,98.65349419574326,121.22906887255081,111.5627471024794,157.27597648718012
2023-12-27,90.43397902874368,117.45582477927864,97.45428986466932,120.95874792307423,113.52153896476386,152.32237416573108
2023-12-28,91.09866140623078,118.28358027494336,100.67129284736353,121.12224727771213,117.00366713536735,150.65555477214278
2023-12-29,91.649995617673,115.41827369937901,98.92348839118259,123.28867024043093,111.95987942994742,151.4009782638925
2024-01-01,93.2254349315919,117.62989741461877,99.41410623793064,121.62204219859572,112.9033206902895,153.73149459434543
2024-01-02,93.29631672257219,117.25431286432232,100.39382191671032,122.09430719700542,111.53376694587489,151.66466960446309
2024-01-03,96.096347774967,116.09289966032543,101.0492131552413,123.93059862009416,111.35121673762958,150.16685119446024
2024-01-04,95.63684695193861,118.61357189976619,100.79899065549371,124.90308704042934,112.36822849615251,146.7865600913928
2024-01-05,101.03445098061705,117.0128830689595,100.63308011080974,125.29636575995671,111.05221751675387,146.72991445636674
2024-01-08,102.35783952686131,113.81960861172784,100.72944939902307,127.23013695111817,109.23568731069423,143.70791396072943
2024-01-09,100.66838049284972,110.38588043338753,100.5377394381681,122.21100062474615,109.37273405292346,145.84013553278638
2024-01-10,98.5844856977697,111.78779985844099,102.03249699776052,123.49704071485043,106.48248151063831,139.52787434538845
2024-01-11,99.59015871923323,109.01591088688417,105.50403573363161,122.32801186644139,103.6722883543183,138.33436032698245
2024-01-12,99.19564339748536,112.96632061758669,104.65684223195291,119.05035623685274,105.49031867725357,139.43538989050728
2024-01-15,100.67264414263136,108.41333938563142,102.55915808253559,120.00274340763184,102.54475441612573,140.13373294353622
2024-01-16,101.68083697773697,112.21091453617562,102.45416761807786,122.53779125244941,104.30894747243767,149.95316973326098
2024-01-17,101.583617806609,112.74184134718516,106.52835495848764,122.32210307662875,105.56447741633306,151.33078109001562
2024-01-18,99.92764815988441,112.58025588722663,105.28343295862184,124.12025237803007,101.14718753751363,147.6384942427062
2024-01-19,96.99403300777416,111.41566881455402,107.93647148031333,127.19674319774022,99.48806050599207,147.3454858405637
2024-01-22,96.17978131930332,112.36479689516702,110.72042598034977,129.7693655354538,102.5438361721697,141.00197745059538
2024-01-23,97.89026810142597,112.3364065669156,109.83777621752333,133.04111709454668,100.09915441146882,140.7744439228191
2024-01-24,98.35948809725663,114.90021282465258,110.81246431345699,134.57075818887358,98.98329834234781,137.92809789045296
2024-01-25,95.98714126891849,115.2206044205657,113.58656246575855,134.76353479340585,100.17339702239025,141.17740294950872
2024-01-26,96.36835266865182,115.62528090927812,112.97632630319063,131.60330878290233,102.19547668555111,139.30681038091853
2024-01-29,97.16243868428464,114.84488376879831,112.66565073401866,131.15780597439138,101.59546976287014,138.95631757976128
2024-01-30,95.50771740722372,114.77153137530983,111.72040608443362,129.5481368308109,100.12918380515991,136.82061327731807
2024-01-31,95.84972082729308,115.53800274906881,110.0657621571591,133.87635710380832,103.79527369350924,142.9567246286357
2024-02-01,96.00936427638601,111.7088726885284,109.03172138540742,133.56368143863497,108.45040031130986,141.86996382433378
2024-02-02,93.88647365446391,108.79141528509902,107.0803789697875,133.8508942229889,111.18154210136163,148.58019058302344
2024-02-05,94.60800316257928,110.47593446147157,107.16728338987261,135.00323368435895,111.46351674827672,151.69601400101644
2024-02-06,95.7229195039392,110.90955155911863,105.9684503213947,135.13209318188748,109.27751876483613,153.59669117552392
2024-02-07,97.86791739356498,110.5574562178828,106.37261862174904,138.65357189313679,107.07500606039656,155.08116225695733
2024-02-08,100.00246432538343,110.6535368465018,103.94997411763002,137.40582773255218,108.52628836728208,156.67812470771375
2024-02-09,97.33332632328683,111.48116628198352,104.49852628803264,137.84886516885692,109.71130198297084,149.3663070199849
2024-02-12,95.57248270218516,110.33933386985449,105.84501517956596,136.3630543643626,113.66918605522552,148.38787765806572
2024-02-13,96.61032756599587,108.68941119247044,102.75729707169762,133.72968797285333,115.5789221639985,151.61714943553835
2024-02-14,97.65700251974344,109.17054378358993,103.36647850782703,132.54788445542087,111.36093556844413,151.49250626810826
2024-02-15,98.71750821152655,107.10865920782891,105.31920140262953,132.51401591209148,114.37417246501846,146.3215231839866
2024-02-16,106.67821305761494,108.04079431180901,103.45648988555006,131.70293406945476,111.60030384937147,146.1884148983702
2024-02-19,107.95718991836807,104.47598212129542,106.11673084033781,130.3812136789449,110.57836894591888,152.61202867626676
2024-02-20,110.49232612348227,106.7020447402278,106.81784575821388,127.69796284893694,111.31672271040036,157.50720976590517
2024-02-21,112.67708883280446,107.76923964380516,105.72589300857716,127.5771432448491,117.05819253112944,157.32616481694822
2024-02-22,114.2117214926991,108.37667232682594,105.66918245840634,124.767302334168,126.5729911763123,161.17768100806413
2024-02-23,113.550599381111,110.5830348742282,106.58983997305288,126.23575884119114,128.55890752226554,159.77150322757214
2024-02-26,115.34503393103661,114.38571182122533,106.74344854049414,126.4298813461642,128.02266366391896,153.16992101720777
2024-02-27,113.63271252732181,116.78837960695392,107.64186135575466,123.7328225747126,129.7967738692389,149.73038602974387
2024-02-28,113.15234030654493,112.62301502699137,106.19738808794231,123.1972153519624,132.76243591979664,155.7587708197324
2024-02-29,112.11529754299427,109.83228844354518,106.49946126482482,121.85162329971241,131.75506679652972,154.75738653629202
2024-03-01,112.35519836233041,108.52257113754345,104.296125027657,122.47313744242454,137.85810454569463,153.88014851229758
2024-03-04,117.73760220833486,108.63351845465937,104.15350475954851,124.99809240728173,138.70878968327705,152.79208690101123
2024-03-05,113.47847080597484,109.81895889220685,102.78168787016197,121.56764896004584,140.5017963983638,160.3055213429606
2024-03-06,115.1042613663156,108.29059470575199,101.68443614855556,121.81412052130706,142.91762005762098,167.02282433085344
2024-03-07,111.5066266289449,108.75021431755853,103.61847583326708,121.55833714406158,144.48967417639204,176.61990277306384
2024-03-08,110.51435073918134,107.17317477941215,105.36023668706606,122.8254681784939,147.6111658247084,175.98941501933277
2024-03-11,113.00413324213952,105.92334011354474,106.35923520326665,123.2558577557536,145.40896618727842,177.3658349215404
2024-03-12,113.20609372230889,103.03640826368958,104.66216473576353,121.909967287933,143.45088115642528,170.83503781991388
2024-03-13,110.84746867697793,101.20192102532982,104.19785643754146,121.36432718882871,139.61502719347325,177.33165927139197
2024-03-14,109.32761604152243,98.5519723428569,106.14308294379322,119.95978988778653,141.2139844194593,172.29829908251986
2024-03-15,110.87916236937323,96.69547256420124,106.400872460991,121.948242076271,144.0484602592428,173.30389305854268
2024-03-18,109.3259348520164,98.80413122493661,110.20075190556028,122.0238337389659,145.7647606988752,168.6817996014027
2024-03-19,109.85516541684515,96.9942249487883,110.88609323900204,125.59145828741255,152.0571451349532,166.28321131329307
2024-03-20,110.01032851546772,102.28868711099841,111.2393542278108,125.51488187869764,152.09670027073864,162.90396674456593
2024-03-21,108.64028096699553,103.35456334503834,110.75798184574673,124.22547121817189,154.722787188671,160.511242137905
2024-03-22,113.45668473766386,103.7892252034473,111.01336403111611,121.47306061409985,150.61735142640418,158.42573221062545
2024-03-25,114.96175550889305,102.07369029424179,110.7929942137379,118.26707562693774,149.22646202823802,156.33156949056033
2024-03-26,110.45372561435562,103.56518320518792,112.00966624686868,115.52458686143005,151.9047189712574,159.68650427722847
2024-03-27,110.92183308739376,102.43090230167007,113.6627474488133,116.02321267238258,155.22583060168103,155.39821868682304
2024-03-28,109.51812027476836,102.73251244012333,112.36425447451037,116.94703683447094,154.15087868307572,156.3198940911985
2024-03-29,111.45697970696114,108.18365957316826,110.17581101872858,114.24020523903317,153.93676068935176,161.2173556483015
2024-04-01,109.75913350057323,108.03001837628682,107.21479919397319,115.81902804997233,148.26408318199339,159.22584138196365
2024-04-02,109.56232228360736,110.59718126993158,108.06729783848849,115.01734626618214,147.0053968712102,156.45612327442285
2024-04-03,110.72983174531768,109.10722065330596,106.32534246937283,115.30546788515088,150.37450441106606,155.61927705173636
2024-04-04,112.7201716160827,109.0854265015523,102.97747790545836,118.16337002634396,152.6135644774403,160.34145303528385
2024-04-05,110.10147735576585,113.07454792643085,103.61053172913381,119.79964811748324,154.59760540156344,161.18589295563402
2024-04-08,109.42205149045353,111.72136691660172,107.59067442264737,119.3538712902999,154.85202588481818,159.12307449064875
2024-04-09,108.44178996625212,115.9033839836568,107.61315637153623,117.8043155772073,154.9413360504473,161.12409950970368
2024-04-10,107.08757379032016,117.61445988030991,109.00789087754987,114.09685287325307,152.4655303028986,156.80728522474587
2024-04-11,110.99176741853591,116.3569533774882,109.17452115813278,112.90653747898617,155.2146892039509,159.56503091888987
2024-04-12,111.9503719360966,117.89693437948524,109.04540646512748,112.58330324705213,156.919600242327,161.26786483008766
2024-04-15,109.2171373343219,120.27272763485234,110.59230546266062,110.96177005055233,158.92526257453423,160.0956625338132
2024-04-16,111.29621218636183,121.83870667342319,110.14485880207992,110.77674543309267,156.91169171466163,156.8369738044275
2024-04-17,116.17972542175548,118.13093160208093,110.62070551313256,110.93779643621234,148.74740530548584,153.4599865932529
2024-04-18,118.66301323756707,116.48364252739027,111.18914381050656,110.59742558844019,152.94500598047344,155.5878140486959
2024-04-19,115.16895856687867,115.96639872096826,110.11347143951808,109.5571984697059,151.18548830835476,160.50655861134325
2024-04-22,114.1160112635228,115.85180304389226,111.79781625033449,109.86766470440044,148.0186217140974,158.0327218152991
2024-04-23,117.10298913155145,117.35754983991694,111.53825559204272,110.63159342686878,150.66744559657678,159.91809521672556
2024-04-24,115.51500180454492,117.83428539111154,110.31406722249714,108.86947819779976,149.25776012248454,151.84892373862053
2024-04-25,116.6032091009174,114.7863287396126,111.23878442382264,111.23150974409184,153.327039716079,149.70559426077986
2024-04-26,118.48299840573485,115.7203316623409,109.78260389696632,111.10046484953918,155.7727638584261,149.64924470613812
2024-04-29,116.36489116204893,117.20072476033916,109.86197436844171,111.16522688508745,158.5210728891715,146.34284199965938
2024-04-30,116.28456811105055,118.57952944764264,109.87990695951294,112.3861648537836,153.2604319087276,143.01355878204924
2024-05-01,109.04002466159213,121.23120221925544,111.71784459464133,112.81384640670541,158.03827386076878,140.70210902307986
2024-05-02,106.88219650739754,123.33175599349207,112.54992730491415,114.47267324241339,159.13748380137685,141.79038027700076
2024-05-03,106.39684217958725,124.53185283313124,112.54144086725549,115.00124971024235,157.73818129141756,141.18435889979517
2024-05-06,103.82639588955149,124.41941223072557,113.964615694346,113.98381159178321,158.3679764080122,133.55465107592192
2024-05-07,107.325734752959,120.41438425937545,116.40099982276959,114.63795989484223,151.5499705195546,126.70901810257604
2024-05-08,104.3515651637279,121.51422823195782,117.4142499380736,112.72182911191463,153.16744416362067,124.85107564204843
2024-05-09,103.48893956099067,122.08104341260692,117.4677195606119,112.93941111435254,149.33579702709153,126.33837165774649
2024-05-10,103.81179065391923,122.80732836862016,115.21339588332904,112.91700052782845,144.42793803106747,117.99900305538948
2024-05-13,106.90119751612237,119.77101598034191,113.42131314793167,112.59882577512504,139.09006942532832,116.58060490320445
2024-05-14,103.92690101502274,117.26784464455793,112.9370913191072,112.41565697561767,143.0707000654028,115.1029246363376
2024-05-15,106.4261217767477,119.82395763460197,111.94282687932312,109.31957670858043,140.89392880423586,119.21578488373784
2024-05-16,106.50114256661686,119.78908158832874,111.66280909275073,108.45600592376996,146.45973174497982,118.12101196398041
2024-05-17,104.48312137282252,121.49371788743699,111.79126711479424,108.63974199148818,144.56879517919916,119.30513234952811
2024-05-20,105.50597747915549,121.62334394461836,112.71684047118512,108.9332309878496,138.5832927447486,119.7750951545705
2024-05-21,105.97983114518199,121.75660939805665,112.63149185961336,107.2990727219917,134.8224092682369,113.60773743805026
2024-05-22,104.7675897817937,124.12507458430602,113.4904713231854,109.38848464839992,139.1084320934477,115.8570143222553
2024-05-23,104.96642193827117,122.91202169617334,113.63436808816809,108.00883210917088,138.62275649801887,116.5291793619292
2024-05-24,104.21272429424214,123.2101266086483,110.3496540887817,109.62383906475637,136.7902976638662,118.066547133846
2024-05-27,104.50182996905777,122.13728982300024,108.83837320266639,110.36165835421886,137.39356365072155,130.29542430816713
2024-05-28,105.94787166527995,121.14107964624714,108.635979304838,109.32983982194374,139.18362482291192,123.7299716917735
2024-05-29,109.41713805828273,120.45453410847088,106.71452011899497,112.31405724638748,143.18379341013244,129.2332562677448
2024-05-30,106.7950121536119,121.05137555667342,107.71147921591847,110.35412104997316,148.523256344127,128.35922412427905
2024-05-31,111.50527400190744,119.9578072168257,110.24635208043395,111.9197156695234,147.2522847019693,129.3363007072383
2024-06-03,107.28942982039464,123.07023355689877,112.31403749063772,113.64624669645696,142.50771606425863,129.2409107853795
2024-06-04,107.01772044185263,120.94828419594536,111.98861460162848,112.54253302297937,141.09868187468797,127.92859795989749
2024-06-05,108.33852076345805,120.55735538785142,114.55534891553313,114.95240820481264,142.07662570468062,126.16952720297613
2024-06-06,109.00356780400675,119.56151357105017,114.84554224818376,114.55642579275543,138.74983404355595,127.26406439499254
2024-06-07,107.70829745023416,123.13367508248632,114.30060057132337,115.08809835483076,135.52332743186346,122.57643965997035
2024-06-10,107.31454322574136,123.68050278793736,113.28772088764288,115.57304280449429,136.7478174064111,124.94820754398074
2024-06-11,106.31476337336363,126.32254801444107,112.80873114981013,115.37504746142756,136.63623451039552,123.7043508864602
2024-06-12,105.12150426412813,122.68588806309991,112.18744490676232,116.82186208765272,136.80302216662855,120.30650783014153
2024-06-13,106.97647030041675,123.40459392666992,112.50833760427636,118.25609378328122,134.28705543465998,119.00819981472608
2024-06-14,107.79693397331232,125.68276004785503,112.8134918659476,115.2293602990623,133.56919999744815,122.85700611390739
2024-06-17,106.36653687208818,125.95272453056825,112.85249713753801,117.54129082612084,130.570572623361,121.27221748117306
2024-06-18,108.35176545687659,128.72987825198155,113.62865321643456,114.68076403558615,133.56240572830148,122.41281844407227
2024-06-19,109.07426846650266,127.46865266345475,115.71096464752593,116.50573466475699,137.1191232264159,120.2442611535507
2024-06-20,110.91745263105896,131.17829412598886,117.40608174284534,118.52703445744575,130.98664403427398,122.59340506954537
2024-06-21,112.37919601574502,137.41910053128103,114.85440010173164,116.63816978384395,128.0291013738678,124.76237439633638
2024-06-24,110.58660075838111,136.4937209190344,110.57084238621567,115.95641209202373,123.37695716631687,130.71588408295622
2024-06-25,109.4092359914963,135.35061536820785,112.16502471074045,114.08328965500688,121.43677571087115,130.19548418122278
2024-06-26,111.11227566552671,139.41237282344227,109.9216722061165,113.75021832645865,121.23221196107993,132.44313924993094
2024-06-27,112.53323361035605,143.95887881393125,109.58456784517114,113.25981903719634,116.96405707191064,132.82136486000155
2024-06-28,112.54245812608626,142.53256422225022,107.71026222183349,114.62654060787281,114.3449992739915,137.2497005523071
2024-07-01,112.86327198695913,141.41046464547057,104.86933622395088,116.93684492514451,111.55539162942486,134.85917541755123
2024-07-02,115.84237161134432,140.68608571416462,105.7562691843289,119.44658204517813,112.17979949097219,137.44945118241512
2024-07-03,114.53712128513295,137.02207657371991,106.99952836416989,118.47911956646985,112.41940277528056,136.836774614995
2024-07-04,115.85517520000663,134.59483140264803,106.11005079956938,118.14331374040808,110.45333303569615,136.67202600335852
2024-07-05,115.44532813199513,131.98472569447577,102.09575385925862,115.2319251456601,110.98706112627247,137.0406910965778
2024-07-08,115.00130134302458,130.03845964856876,101.29301644340157,113.88154017616597,109.52432010084551,137.96277562768526
2024-07-09,117.6152826308634,130.01327393110293,101.92064594868837,115.57637436761046,108.82654105744304,137.61751145236866
2024-07-10,119.63283073795654,130.68905125247747,99.71447540755304,118.44696453459046,113.52142100920764,138.41355933290473
2024-07-11,121.6560135314186,134.8726307167395,100.01910871366773,116.30895673800393,117.43712415288272,144.0411412480699
2024-07-12,124.93668352954737,132.27244543825043,100.0261455317746,115.31449175481887,113.72844505401513,147.69291270952107
2024-07-15,125.05168777587005,134.96968856328056,100.92937144782655,115.30341213800703,116.15864154167774,150.99761905380856
2024-07-16,126.83235987006125,134.4604961773682,101.14090920219189,115.8237266827061,118.58639541410048,149.34746645142343
2024-07-17,126.11079908177791,134.39472421817734,99.70528165482918,114.45999633777463,115.27668416182141,146.12239025805724
2024-07-18,126.99455422036223,136.28899069362066,101.54146361268536,115.22494953672297,117.70772311088973,149.71403989994963
2024-07-19,126.72778290380258,133.32944858482725,101.33068524732298,114.44320920171893,122.37045093320688,153.0903459843929
2024-07-22,127.03736599242943,134.42028104341017,101.31958324563729,114.45273309685044,119.03163603727822,158.8952230768397
2024-07-23,128.62284039815557,134.93596890182383,99.94106802192375,115.42906553747432,116.37895689990648,156.57662315583164
2024-07-24,126.59841507047543,136.33967562504233,99.30852901201081,115.47482307321485,119.42556293523533,155.74293237190668
2024-07-25,132.07470849818117,137.1990456889762,98.0286142320567,114.75583941480225,120.28701224318071,149.54833842937387
2024-07-26,129.50861296690206,144.17657482414276,97.80397565787327,114.60169431081499,122.00567531540968,148.1474256011843
2024-07-29,126.46475036167055,142.42050191845968,100.37777862405247,114.48423687984376,123.09818550086555,151.94553885838792
2024-07-30,129.49287153194243,140.98648344078975,98.36276590470001,113.88475077266413,124.35615806567753,150.24387018982367
2024-07-31,131.62527864571217,139.30993695031628,96.03943767304095,113.47755203771224,120.34804115437974,152.73001733107543
2024-08-01,133.34523057336548,137.83973514478393,98.21180982523077,116.26647391389726,123.59014768017458,152.06517204503282
2024-08-02,135.0990744301725,136.16180595354516,97.93329816415937,117.28402266690249,127.30815697933758,153.36345361036
2024-08-05,135.13353780886618,139.50832247841697,96.98443724694917,116.80038101030877,126.63080578312747,149.08525646812333
2024-08-06,132.79656504171123,143.6003858782793,98.53867347068277,118.06326779472835,126.54384994517689,149.46295501879038
2024-08-07,133.0645650885713,142.04152123314975,97.67687744406886,117.508815486232,121.84030360541738,138.74950295809572
2024-08-08,131.3402426152616,139.76637887893745,100.41935904024727,119.63078711603116,123.46621665831738,138.15797355909345
2024-08-09,133.9938123858872,141.160934308488,101.47616018466667,120.3320324126903,125.29475548555502,132.69270089805258
2024-08-12,133.6671126317454,139.68028838347243,100.7664259985661,120.17455687850254,125.15015168956525,136.80900078046432
2024-08-13,131.54414926072212,141.53043652158956,104.11175067190615,121.02063646574626,128.76938147412739,139.54972397590706
2024-08-14,130.76669932089683,142.1770701213823,103.20105997788124,118.23781031924663,127.74947674697816,141.24383973375947
2024-08-15,131.91706680397522,138.00064667023022,104.3875645322688,116.29108786767779,129.61730241670017,146.7767775000271
2024-08-16,130.5033572245565,142.4097513463262,104.88871630224881,114.26125659857857,126.40545947655976,143.39312715528058
2024-08-19,128.43905920072277,147.69155757836387,106.98900398924675,114.54086940813183,126.38159590186474,149.85588703503234
2024-08-20,129.13111565579686,145.96549451553688,109.55741291154223,117.59181378403565,125.88225836105312,153.45062718490783
2024-08-21,129.83022300386423,144.9104874178725,109.64290785337936,121.63064159071851,126.64396327350926,152.60684689641826
2024-08-22,128.584818987142,145.81424708850201,108.44330749501907,122.8371741601537,125.52959373813246,157.06433363359125
2024-08-23,127.44284510549559,146.8663026663965,109.22687127661155,123.80061874773068,125.16773559760446,152.84099795583876
2024-08-26,128.099715651093,148.8878819718427,108.15456662805225,120.53696774994351,127.830593856925,149.78265818621728
2024-08-27,124.50517761742827,155.07325892480225,111.50419183963837,119.59563990306165,126.49297789501449,147.5800226126972
2024-08-28,121.10985506873378,154.6027152299886,111.7663146391044,118.22618703028952,121.56175051895445,145.69947532807143
2024-08-29,119.44179032168614,152.23003333437,111.18888167319764,117.16543552762859,127.04761862709495,141.9581322878109
2024-08-30,118.99246828451977,148.162014780305,111.53077886644334,116.90536456855656,131.56464370903316,146.42439904147236
2024-09-02,119.794568991595,146.08487211789875,109.3325004781827,116.11526934886207,127.4331292563387,145.53809705250697
2024-09-03,123.44373621228677,146.06112949164833,107.78295095186365,112.7523591444511,129.7013429726941,146.88507994554055
2024-09-04,125.64226063903952,151.4743625441851,109.77421881129268,114.05862329875929,128.1318839012444,144.86347219565417
2024-09-05,125.30363813775244,149.98933034273512,108.73049373934306,112.2716532805131,129.03029952782958,138.47317787025003
2024-09-06,125.3186348534999,150.7375009226578,107.06847908744292,112.70909437913525,130.03489793283617,139.46700908050158
2024-09-09,122.89237661114956,150.76336096486003,107.96622130561047,116.30561670208715,129.326816921701,133.00965304320385
2024-09-10,122.90832136813488,154.4668217154429,109.93661526352176,114.74710093396904,126.86817096234812,132.83474723824108
2024-09-11,122.2619103699571,162.55525514207082,111.16196417227407,110.50671314858396,124.74666453904582,128.41895150266984
2024-09-12,123.11512843800121,160.91891428859677,112.86912817443819,110.0666628630053,121.97062038613257,135.01418914836745
2024-09-13,121.15555546324389,159.43109319733844,111.62857476479763,111.93301396669582,119.50815885993066,138.1809344746691
2024-09-16,122.48177367261559,162.87695343726827,109.30584861026219,115.30442614334092,119.35535105586784,138.6021765635457
2024-09-17,126.35772994974424,165.19603484349227,111.82888698286506,113.23129336071968,117.28550629649341,143.1081241511387
2024-09-18,126.1462323055603,171.49721118391616,111.32231258463067,114.11230088971963,119.35025491974724,140.16811982604693
2024-09-19,127.22740073639036,173.59857069385444,110.93752615146825,113.35260993929316,123.92092276851501,142.14242423641176
2024-09-20,129.06019483279118,172.44178944802235,113.20384453650453,113.20656704641317,122.1857357905206,142.91139221812674
2024-09-23,128.09273742211275,174.57820783253263,114.18655721842627,117.82250852945224,122.9684015063187,143.91535372713582
2024-09-24,128.73246837804132,178.581824236647,115.0045731680442,115.23053479718904,124.5639890078912,148.62615748020713
2024-09-25,128.82929202271083,181.62725525258705,118.83630161774585,115.70465503624108,126.09298469799634,151.4334789179096
2024-09-26,129.14576559987313,183.5710928643609,117.73003400972142,116.55418412224395,126.38319099992226,152.59151845217778
2024-09-27,127.22809976918974,187.62316566614334,119.41582834670666,118.50356677819119,128.8031861731194,146.46585815190238
2024-09-30,127.35414387134962,192.15866771838986,119.55385684795083,118.71347383221722,130.4176214980493,143.04956716868307
2024-10-01,128.69325518376237,197.64344113244246,120.07251344009397,119.29907373536871,126.49467519887008,142.66845907108987
2024-10-02,132.54929024636505,200.32455027628578,122.89408235641056,118.63586411201868,129.32506462529847,143.059092586724
2024-10-03,135.1844300509062,199.75596391260035,123.87096286025081,119.15149378975038,132.27874313695168,139.12915670828028
2024-10-04,141.20371625257573,200.44315990577024,124.91266871755758,118.57525904184784,129.83043253674464,147.83467721321003
2024-10-07,139.12275773050598,205.44141212586987,126.97655370674951,119.72188581425257,130.00561993822114,153.60808482810967
2024-10-08,141.6420506808872,202.21311797610676,126.32123693680826,119.09568905482354,132.29852268222396,156.0002192875312
2024-10-09,142.2334818033358,203.81152034736652,124.7784814736641,119.80720018679237,131.66068688600078,156.34394164338863
2024-10-10,148.67548891038655,202.3156032888287,122.87503693644057,119.79055506657227,135.29431415908073,155.5789173915913
2024-10-11,146.3644930545446,202.53318853419785,119.33951883813691,121.86764723977643,143.58817733744795,151.98094463161976
2024-10-14,143.99889147946345,207.88245595568034,123.1146010166639,121.81027256139525,140.8505884115917,152.33654142466116
2024-10-15,142.35411893608006,208.78286442819243,121.13038309397118,118.64895842357073,136.1249966728018,153.38268000940548
2024-10-16,136.50207747305416,209.081372164015,120.76526555260479,120.95251454464822,137.2177419863985,148.75370635704792
2024-10-17,135.14181839314824,203.573352375734,120.30094855226837,119.35616930052385,139.77137951327637,150.06167424600173
2024-10-18,133.1720738610081,206.73782925168237,120.89321173851106,118.22688672868968,139.022588202628,149.54014646554344
2024-10-21,133.64004525963813,209.5287892578388,122.41827524556724,117.21040203721729,144.2240425544284,142.63225949526347
2024-10-22,134.6239149532373,218.9024601762446,124.04578965100092,119.6878614341532,139.53323220368551,139.65290313082997
2024-10-23,139.84133975045742,217.66793740220317,123.00249100513889,115.94919093555838,142.0282188492629,138.2716104482781
2024-10-24,142.59621562307387,218.73341060622312,122.73134524175104,121.57341439164216,139.94916389478365,145.01136720910077
2024-10-25,141.03088318946507,219.9370477486257,123.28965194193651,123.55163503227627,146.15441346454767,147.10196150322318
2024-10-28,138.58870676723893,227.09999438863457,122.86744777331779,124.00324688627144,153.68062312047465,142.32866462303832
2024-10-29,140.02892187714482,226.7809364244704,125.903570132636,123.93835932855235,150.82348181718632,144.1262757173418
2024-10-30,136.44809992181587,228.1640628914385,126.87228135394236,124.5077111509977,148.82501651696393,138.71302495353245
2024-10-31,141.60953227031337,231.07050362785245,128.31704155065555,125.52243246855309,152.11866806385106,142.57590244497837
2024-11-01,145.06215412307583,232.05050847795383,129.63817589528497,126.78119431144619,150.71379801823636,140.96285138958117
2024-11-04,143.77919959386702,230.10285040338414,131.97987059922434,127.88057085195524,150.60302184003342,140.68952126585765
2024-11-05,139.0058607731637,231.11332727753432,132.3784331843623,128.09094230053933,150.75893301766237,145.48898827853228
2024-11-06,142.89263492731982,236.24769731038515,129.8671830900623,127.75066340465571,143.7520962402454,140.9381740917831
2024-11-07,142.63697222724807,231.56266163377867,130.6873172658067,127.49935717320183,143.7598671635663,136.15492039344994
2024-11-08,146.2853363352803,232.29541611819212,129.4555042443401,127.16528520484385,141.35876962156595,134.2365275370855
2024-11-11,141.76496634559425,229.17994721747627,128.47161375497626,129.385232160389,139.68264856138578,137.8219791312381
2024-11-12,140.1457593563348,234.84093749969514,129.64545242428554,130.5815062660155,144.8739209713708,132.73825666836706
2024-11-13,140.2305555245029,227.90860314104566,132.1156508307398,124.98475518802088,140.44994771433778,123.71435310650246
2024-11-14,140.43257847994727,225.48784346091134,132.1974654710903,126.25835990302404,143.39188132061705,122.3757626356491
2024-11-15,139.24377801635654,227.3090364611437,132.8511396305487,126.66569917583702,142.45230439585637,124.12509066341148
2024-11-18,141.05969849406347,234.65608316208082,136.3278265716736,126.66815254360995,141.516063481252,127.95727210709406
2024-11-19,138.14871996194194,234.46491514110573,136.86208943458792,125.96989096424731,144.3978779735995,126.53479915570612
2024-11-20,137.82478383316445,231.9917870877771,142.3514527382865,128.15040441440163,145.6889417955097,125.29008106782794
2024-11-21,138.22587309675157,241.00679110312757,143.60718120478455,130.02379933741707,147.8412611217368,129.00861894477464
2024-11-22,139.72523476878186,234.24435764555554,139.90592358861133,128.56367932152952,151.52395854918313,123.16632444148907
2024-11-25,141.79894626520095,224.27852952389878,141.53829927056054,129.38987390794316,150.33423447476534,122.02459878367507
2024-11-26,138.71442746144612,226.37411433253413,142.3925560178712,127.55597320557423,148.10998308642144,122.65594625621911
2024-11-27,134.590260760213,224.2245307679752,145.21770261093934,124.98090946088381,144.2036250501449,124.09082027197115
2024-11-28,138.14289136429383,219.80114758010203,146.73551286953898,123.84864843500098,141.31495183429607,122.5683154561434
2024-11-29,139.1336350286458,223.0487576923975,146.4750188726846,125.49879350789472,152.1882834153584,122.72297469612258
2024-12-02,137.1349042157231,224.25110000679757,143.8527807530663,127.3441190233816,157.06118620543873,115.36735093352104
2024-12-03,141.52667046044425,221.84630750546918,143.44548562000847,128.36648051871242,151.90549610324427,113.52978017277601
2024-12-04,141.9254153825693,216.34594973611203,141.66955454326904,129.8092076321357,147.02419166769994,114.87021211215101
2024-12-05,145.38532325193864,220.26423463557606,140.48341137709994,130.8574304180515,148.86558637671,112.12850165800992
2024-12-06,145.6545888821149,223.2588623027385,141.77171021720332,129.64321652920106,150.9766839377674,112.33889550950765
2024-12-09,151.8590742414419,222.92789947881698,145.4113549976144,130.52503238056926,153.123917175506,113.6464107170759
2024-12-10,157.36371222958334,231.43085314218388,146.31864300667863,132.1412161762649,152.21189786301952,112.72240888460938
2024-12-11,156.66041194976245,226.6437594289971,143.76046599676383,133.68490025246257,151.7959611819663,113.24910168080936
2024-12-12,159.8142016097413,219.94311387781042,144.7658376065268,136.13121554414568,153.10657484744402,110.60015804010824
2024-12-13,161.97134219046922,217.02895509059948,147.43199170760244,137.62654188192107,153.49708424334668,110.07437085570422
2024-12-16,166.549414750299,216.9396182503758,146.13345108085085,138.39549908531788,145.2707238075459,111.8111894533317
2024-12-17,163.44778498861658,218.10701719423278,145.8837388471025,140.67718186511252,144.49632455253817,112.29574419683091
2024-12-18,165.78878698740107,217.16580187633323,145.95966525162805,140.6634216525273,141.50979124256918,110.70540703433862
2024-12-19,169.42038312639625,218.80966310422747,144.29457119906021,138.85661257763664,142.18786785053769,111.37223869937954
2024-12-20,163.64645042503207,213.50738990010734,145.74828376319556,138.5589451798813,153.2668732130644,113.42517148476517
2024-12-23,159.89912384301616,219.87225910121265,145.5277554786179,137.060480563845,154.74331515482828,107.8018484611086
2024-12-24,153.58566612554958,219.6210835043035,146.49038785321613,135.7200920644178,153.59656708707024,111.0157027015109
2024-12-25,152.83675028877101,224.69628150170385,144.59654728089384,135.46683337201358,157.2401899092456,110.13041876378786
2024-12-26,155.12344282679334,226.35490355824382,143.69393083282597,133.90633183666182,159.2128053036424,111.35268838300358
2024-12-27,159.93513812647112,228.546388221616,145.3030087583125,133.32918113084654,160.95809760083327,114.78188899146987
2024-12-30,160.25242718739338,231.28126037246162,144.53602440109822,129.63423350234197,163.48403373820562,110.95690332760758
2024-12-31,165.64095974998057,233.47820176972297,148.3735734011085,130.0886709330853,172.17801658090778,109.049929106879
2025-01-01,161.21204106056638,236.61708836568943,147.53105489492023,130.13005639632016,167.44529666163086,108.30941938473418
2025-01-02,155.8903499074539,243.11296801065689,148.0735287345261,128.58344290333395,169.50755748343994,106.25036967844643
2025-01-03,155.79513716631976,244.192450908934,150.2045194829424,129.9002359060113,165.69321639203457,111.00460661874332
2025-01-06,157.07497355063447,247.80365596822404,147.08671968227503,131.77952906026619,168.07760388906476,108.6957178530781
2025-01-07,157.05080236352697,247.48302873895517,143.29568324367423,128.67848048624214,164.32704811383394,107.23940120786587
2025-01-08,150.76472256169532,254.84215492765696,140.09564469616006,127.25284619736178,162.6864075207354,107.83189163344633
2025-01-09,150.5715056795603,251.5436434712918,142.81700526482933,125.8308930568286,161.55525488770414,104.6812184471536
2025-01-10,146.7673532494185,260.89951047099896,141.68216228567283,124.10653381111632,165.61116110530216,103.69228337871003
2025-01-13,148.8206892088319,260.82042842076567,147.26876406551824,125.69803248649468,169.52560862763696,104.56030968079395
2025-01-14,149.99082387189097,253.58945862847872,146.0713981240435,125.37071533942502,164.39319097647117,103.73530608187214
2025-01-15,147.2713085841535,254.3671620328725,146.5202728288761,124.91173255622657,164.68497674096054,103.53480635759144
2025-01-16,145.83840358488018,251.05140273192168,149.99402339308182,121.24937956951533,161.85403665089072,102.21460224473532
2025-01-17,142.8528262937532,255.4356658582393,154.6225278545543,122.4472938735165,156.9037088847417,98.45629941212206
2025-01-20,142.74521553485488,252.24935476688415,159.5263952873447,120.22822450402916,156.1171788453939,99.29077031256263
2025-01-21,145.57103463001678,250.13341428424323,162.49299443758707,120.37246333041834,154.97980250568224,103.78546645200086
2025-01-22,142.80065790381386,240.97751202467714,165.05781848403825,120.91060258303823,164.73905120893053,103.87476457895073
2025-01-23,144.3196436830882,238.92686278572634,166.58134219130153,123.44075567587664,166.59849728703696,104.50318921220654
2025-01-24,142.86861547215136,227.73436982118298,168.58821567431858,121.07728053778285,161.02284869694498,106.37128456704461
2025-01-27,140.6912788741103,220.7436003658588,167.25027817069773,115.75042232076758,158.8288047033064,103.0900003167166
2025-01-28,140.46064898739647,224.2384830024836,165.2597335491301,116.10489905741477,163.001842523648,107.61556168909357
2025-01-29,137.65114155352768,227.90437770317212,165.3009516795455,119.31914003601626,171.8071409021053,108.2045570614399
2025-01-30,136.20342477738382,229.96687945408289,164.92898589794376,121.5937959043812,165.19440477040177,112.75529110266802
2025-01-31,133.04560720486728,225.6749688869803,163.86068285618077,122.01339562815289,157.67325437500236,110.75206785561504
2025-02-03,138.44684805510894,225.5724844725283,165.63099357883064,121.15325278661727,165.2895874220123,115.94844216376137
2025-02-04,138.61381463134782,225.66903869958261,168.07191644113198,122.6657449038123,166.9742093189976,118.26460337849393
2025-02-05,136.75585343438877,220.61127180300855,168.34544106752588,120.92372103103116,163.45407221259507,119.95905997478432
2025-02-06,137.41105602255433,227.4590375979097,172.16976853168836,121.82740240253938,165.7196945653583,120.71122573665086
2025-02-07,137.1712686945386,231.6013126609277,169.29718803824844,122.79144670327722,155.21388681631674,120.01154105328872
2025-02-10,136.6346929349251,230.69537793022414,168.8567610476534,124.79726113317744,155.28908872048325,123.71755745065272
2025-02-11,138.39255155967552,230.93489865078686,167.1010055036599,130.11067185263255,156.62963372916002,124.20211543094545
2025-02-12,140.57545315092875,232.0153429624265,162.53614433343287,130.91806241203489,160.35510321848633,118.28931660069532
2025-02-13,139.1613922317752,222.8432936925151,162.3833979965081,129.9613625794023,156.40414844169285,115.07726791744982
2025-02-14,137.6367529773881,221.85527567669433,162.13575542994963,129.95049635557785,156.8022616119327,114.58966922888814
2025-02-17,136.95014520934006,218.95923544272898,165.90838309612178,126.58543327812393,153.27748645603663,115.52738812227595
2025-02-18,130.85352040262757,214.72393348703957,167.5359411383117,125.31076163050983,154.3209476821337,115.41022052526483
2025-02-19,127.01112886516914,213.62692807432333,165.03129124714786,124.5811746369376,150.96542718183034,119.02900298439059
2025-02-20,130.59647123378886,221.55810883304858,169.73637333928315,123.64272818685772,149.49281486320234,113.40773959629571
2025-02-21,135.03196809346753,224.5282994436292,172.92569503604756,123.96279814963081,145.87541648591318,113.86110607131687
2025-02-24,134.4282810331568,222.0889938784815,174.49454132053947,122.47968832971262,148.3287882082383,108.84554480302432
2025-02-25,136.05537467143475,224.7592502589016,173.9549222008967,124.59402686154098,151.60714908547882,110.97696580835299
2025-02-26,136.97343099245484,231.25406144168352,171.52081153275225,124.6317977793854,150.78079832489084,110.7595014010479
2025-02-27,145.74588460240648,235.6881688512109,170.61703911474962,124.65180218783038,150.9853882048456,111.97229179243321
2025-02-28,149.12070625178194,236.0874341939392,173.4783377184765,124.07743507379493,145.6735675676372,109.62378550100239
2025-03-03,148.81407905482115,233.16899351710924,178.50587815760096,124.4039220274871,144.6441175352512,113.23224728999323
2025-03-04,146.07014133042327,236.5661684912329,182.74106115342875,125.9909628958261,144.52048298749853,116.26640024062787
2025-03-05,141.52239880672875,238.5544673081629,181.46039910142136,124.400130345084,154.3682644845507,118.02219729344667
2025-03-06,142.17053286546684,242.98543982097837,178.49189278741594,123.21508425735588,150.19611897026314,117.68773323826953
2025-03-07,140.1061371418539,246.2149559708585,178.92316633399193,122.6918086508768,155.85815501351337,119.45398332017365
2025-03-10,136.24506103875746,251.5636435655555,174.29162200553404,120.27581052262953,159.85510324736512,117.40845296319932
2025-03-11,134.5618205714416,249.00956496027152,175.1911039309602,118.84244907811174,161.04498088365352,119.99472670214139
2025-03-12,131.7482317227722,255.78549690670283,174.85610206714486,118.03194940367939,168.35068633610513,125.09642251051962
2025-03-13,136.33779575984434,256.9267905467252,173.69012387139566,119.62611651477617,169.99208195912198,128.54127821866712
2025-03-14,138.8325309864451,267.94892931149906,169.63554253438414,120.1342182453778,171.72267812991234,126.26842805302005
2025-03-17,138.87981806376894,264.41309757450495,170.9987539835803,120.51972732740688,171.56339060330401,127.46546373151823
2025-03-18,143.12348994701108,273.8914663712915,169.688729747959,122.10446162867834,176.96324309551707,123.4599629190607
2025-03-19,143.41681630678985,275.1152595383024,166.78690917822038,121.88967647154944,181.95397595449026,125.2894517496796
2025-03-20,141.03802089844174,271.69001763933926,159.80160410736164,122.64246295281588,179.20167427310736,126.75952146873807
2025-03-21,145.47321602094746,269.20793099860464,159.7835917143643,122.48946065981404,173.457161943169,121.01885395042942
2025-03-24,147.12317899060693,267.62242161272883,164.13743938234816,123.01489260031789,172.64822584100597,117.6014958424961
2025-03-25,144.17462883949287,270.03739015402834,168.3294397418119,121.98084768611521,169.2971040619569,116.81871429806966
2025-03-26,143.69866337729945,273.0123797491476,167.22940731305556,117.63443283876907,169.09607918452284,115.98974581304746
2025-03-27,141.2746865080073,270.03272116202834,165.7753212861745,117.43295810439687,174.47876132509714,112.58008844449064
2025-03-28,137.48985490487567,270.03620680868545,166.9951882587806,120.00204969943691,172.56439674209238,113.72569149876517
2025-03-31,140.13043715626586,281.99841672486895,164.56229928910486,121.71741097858263,172.44871651774656,114.48870525957571
2025-04-01,145.65808849376106,292.05797289486736,165.35854164961853,123.52987340881609,172.768140124471,113.97959553142228
2025-04-02,141.71112636110777,294.7651074593086,167.31985839567568,125.87948457257936,176.54242877534165,111.89094127684191
2025-04-03,143.38739866588796,295.13676610825974,170.4788596346453,126.08481828329886,166.96580046276097,114.90920978904644
2025-04-04,141.60439196910744,295.9940904310386,170.27401417001374,126.49649206478398,164.5182483756456,119.81243931328474
2025-04-07,140.30164190204914,299.7982800975637,169.8055368176864,125.36754697320407,165.45571711879475,118.42010066792393
2025-04-08,138.71851547051824,293.8748503163244,167.6341862392311,124.81201256095352,170.56314202860221,116.6682344965191
2025-04-09,136.41026456075363,292.51222678333176,165.61750404361345,126.0079843806936,168.5458806508476,118.15702922067581
2025-04-10,136.61099419866133,283.05317719937085,165.10534979012283,128.34263706497023,160.88570142151553,117.15100707896934
2025-04-11,134.42661357894335,285.4649480751727,166.06748407794586,128.11289219257307,163.4630498435153,116.79016129892238
2025-04-14,135.2233103667044,289.328628968773,168.4094144833932,127.28886185577802,160.9514731000523,119.01745466170078
2025-04-15,135.15507197609077,286.68941075910635,166.44256941302552,127.32806259858876,156.29750020943357,113.5151443023503
2025-04-16,134.57798425105537,296.0058366540065,170.2623784717163,128.52006334279687,153.93841333456365,117.36559612623374
2025-04-17,132.22335372741753,288.98184304224645,169.62223137491952,125.80425973591724,153.29121450547743,117.62608583915988
2025-04-18,130.7722341990718,280.7813806400144,169.618752557819,121.58145997195174,151.05150304975865,116.46880869247165
2025-04-21,132.82931580715638,282.1857093710739,167.7785762194013,120.61774802229496,143.00530207679816,116.25576640918048
2025-04-22,134.23383386397552,288.30166046003893,161.83568129595506,118.4647859507949,146.3071767658036,116.19309051359228
2025-04-23,131.70073677762494,298.3257224509442,164.0452309749238,117.6005424914031,151.10579762302206,111.31603834629469
2025-04-24,132.02863741969654,295.7481456023956,165.91819188030928,117.37535284918629,153.64861703235474,115.60125397716862
2025-04-25,134.0947435687663,302.3489607147004,165.2690800061512,116.61503579802428,149.39983167275506,115.76704562456771
2025-04-28,129.75635323509877,302.26728631387107,165.48487390309901,119.21936870598358,148.70862547393583,117.10312979660355
2025-04-29,131.23973513235717,301.37614446312426,166.820583159768,119.84106445663544,148.74386870410245,119.97024360392344
2025-04-30,129.57672992114385,306.90318290407777,163.00497057982642,120.41854116899013,151.04770053601945,116.99306746730878
